2587G3,2710G3,2711AG3,DWTRG3,2023G3,2024G3,eV
0,0,0,0,0,0,20
0,0,0,0,0,0,40
0,0,0,0,0,0,60
0,0,0,0,0,0,80
0,0,0,0,0,0,100
0,0,0,0,0,0,120
0,0,0,0,0,0,140
0,0,0,0,0,0,160
0,0,0,0,0,0,180
0,0,0,0,0,0,200
0,0,0,0,0,0,220
0,0,0,0,0,0,240
0,0,0,0,0,0,260
0,0,0,0,0,0,280
0,0,0,0,0,0,300
0,0,0,0,0,0,320
0,0,0,0,0,0,340
0,0,0,0,0,0,360
0,0,0,0,0,0,380
0,0,0,0,0,0,400
0,0,0,0,0,0,420
0,0,0,0,0,0,440
0,0,0,0,0,0,460
0,0,0,0,0,0,480
0,0,0,0,0,0,500
0,0,0,0,0,0,520
0,0,0,0,0,0,540
0,0,0,0,0,0,560
0,0,0,0,0,0,580
0,0,0,0,0,0,600
241,230,276,163,50,38,620
236,249,208,145,54,38,640
308,249,281,177,77,44,660
303,370,194,156,64,69,680
231,300,295,166,91,50,700
270,319,329,184,111,35,720
274,262,271,187,91,66,740
274,370,329,180,84,47,760
327,268,344,197,81,72,780
361,370,402,274,121,72,800
361,306,339,235,114,79,820
409,345,349,305,141,98,840
375,389,397,291,107,126,860
409,428,499,291,168,164,880
428,472,504,291,195,148,900
462,524,499,436,215,186,920
476,466,513,464,255,246,940
659,587,654,471,268,240,960
669,632,654,544,342,258,980
650,715,799,623,322,366,1000
736,683,930,627,362,344,1020
751,983,896,838,436,432,1040
881,913,1041,842,496,400,1060
967,907,920,904,533,470,1080
1141,849,1089,1112,594,501,1100
1275,1060,1462,1205,580,586,1120
1352,1271,1438,1413,725,725,1140
1410,1296,1690,1513,664,690,1160
1540,1481,1956,1739,748,715,1180
1810,1679,2305,1995,872,703,1200
2122,1954,2595,2345,922,734,1220
2551,1858,2784,2462,1090,700,1240
2599,2203,3481,2888,1214,832,1260
3114,2599,3767,3342,1218,747,1280
3600,3039,4450,3747,1416,1012,1300
4052,3352,4784,4346,1540,1002,1320
4601,4048,5878,5081,1634,1122,1340
5775,4942,6943,6078,2123,1314,1360
6454,5306,8178,7332,2409,1343,1380
7647,6085,9499,8100,2670,1447,1400
9640,7323,11422,9347,3328,1551,1420
10766,8594,13136,10629,3831,1900,1440
12508,10132,15648,12790,4532,1982,1460
13822,11065,17086,12637,4472,2181,1480
16522,13280,20195,14836,5270,2632,1500
18885,15195,22814,15577,5592,2628,1520
20753,16728,25787,16267,6199,2562,1540
22119,18579,27230,16052,6424,2401,1560
26350,21012,32221,16575,7420,2619,1580
28982,24153,35485,16939,8024,2818,1600
33930,27588,39542,17912,9550,3016,1620
36914,30627,45260,18466,10422,3227,1640
42622,34637,52348,20357,11764,3293,1660
49119,38953,58870,21631,13391,4239,1680
54471,44092,65997,24336,15625,4504,1700
56290,46129,68321,24752,16564,4620,1720
62089,51282,77607,27290,18450,5430,1740
65511,53574,79573,28059,18101,5534,1760
63615,53829,78130,26919,18383,5698,1780
58446,50388,71923,24717,16216,5726,1800
55621,47693,68520,23065,15618,5657,1820
49263,43001,58604,20990,13820,5559,1840
40783,37108,48025,17894,11244,5471,1860
32231,29357,37383,14033,8960,5121,1880
25782,24696,29171,11872,8064,5689,1900
19419,19020,22107,9714,6618,6158,1920
14650,13950,16389,8907,6511,6707,1940
10333,10445,11436,6840,5438,6558,1960
8769,8721,9761,7190,5760,7933,1980
7388,6934,8226,6771,6095,8490,2000
6334,6110,6590,6587,6025,9269,2020
5260,5325,5907,6435,5488,8730,2040
5068,4948,5757,6483,5954,8834,2060
4702,4578,5021,6732,5924,8248,2080
4625,4380,4968,7016,5636,7570,2100
4139,4201,4585,6563,4720,6480,2120
4226,4342,4851,7183,5092,6117,2140
3894,4335,4450,7501,4723,5358,2160
3908,4259,4469,7948,4622,4649,2180
3865,4137,4314,7962,4170,4349,2200
3985,4437,4241,8790,4277,4211,2220
4110,4361,4314,9697,4414,4113,2240
3932,4763,4236,10552,4576,3886,2260
4125,5255,4111,10805,4891,4261,2280
3966,5012,4125,11730,5132,4242,2300
4336,5197,4343,11945,5008,4296,2320
4553,5772,4236,11948,5324,4422,2340
4298,5465,4023,11886,5065,4321,2360
4173,5172,4144,11900,5397,4623,2380
4182,5702,3718,10043,5048,4986,2400
4370,5408,4009,9548,5213,4784,2420
4279,5504,3873,7934,5132,4948,2440
4408,5229,4174,7456,5568,5493,2460
4394,4878,3941,6954,6095,5840,2480
4803,5159,4193,6857,6565,6653,2500
4230,5433,4125,6293,6914,7116,2520
4919,5529,4362,6597,8044,8185,2540
5265,5861,4774,6954,9336,9303,2560
5588,6257,5234,7657,10536,11169,2580
5588,6251,5181,7671,11123,11623,2600
6574,7547,6096,8876,13374,14185,2620
7633,7994,6212,9579,15122,16546,2640
7941,8785,7074,10559,16377,18011,2660
8288,9309,7229,10625,17698,18894,2680
9250,9852,7965,11366,19302,20769,2700
9654,10343,8303,12048,20083,21784,2720
10059,11256,8560,11997,20271,22474,2740
9741,11045,8115,11758,19248,20441,2760
9808,10822,8415,12163,19258,21254,2780
10006,11282,8149,11900,19379,20353,2800
10121,11020,7471,11487,17775,19559,2820
9409,10324,7200,10649,16239,17384,2840
9019,9947,7204,10556,15582,16766,2860
8668,10190,6609,9739,15082,15540,2880
8422,9417,6372,9347,13093,14674,2900
7619,8428,6333,8142,11808,13211,2920
7022,8389,6071,7782,10952,11629,2940
6805,7528,5723,6909,9386,9994,2960
5819,6551,5534,6279,7950,8500,2980
5597,5931,5089,5375,6632,7223,3000
5347,5733,5389,4973,5984,6183,3020
4962,5274,5292,4218,5173,5238,3040
4452,5031,5413,3643,4569,4753,3060
4567,4705,5466,3113,3901,3895,3080
4182,4942,5970,3124,3569,3586,3100
4784,4852,6996,2757,3328,3123,3120
4880,5165,7248,2629,3123,3019,3140
5294,5823,8241,2327,3006,2610,3160
5491,6136,9243,2324,2845,2679,3180
6232,6615,10492,2213,2969,2483,3200
6536,7770,11809,2165,2885,2477,3220
6781,7400,12191,1953,2761,2301,3240
7662,9028,15014,2068,3136,2490,3260
8504,9609,16084,2092,3244,2635,3280
9226,10471,17905,1981,3381,2411,3300
9361,10579,18326,2009,3452,2540,3320
10049,10982,19328,1957,3717,2701,3340
9645,11275,19846,2192,3891,2944,3360
9712,11026,19144,2171,3948,2931,3380
8658,10011,17232,2009,3583,2638,3400
8528,9871,16946,2189,3975,2720,3420
7638,8753,15503,2397,3972,2969,3440
7051,8804,14467,2272,3750,3186,3460
6122,7061,12714,2376,3848,3139,3480
5910,7023,13421,2594,4240,3523,3500
5795,6755,13005,2646,4217,3788,3520
6016,6589,13634,2847,4777,4368,3540
5886,6749,14859,3283,5256,4614,3560
6362,6998,15687,3352,5864,5307,3580
6468,7425,18084,3695,6011,5912,3600
6892,7981,19681,3723,7118,6684,3620
7065,8326,20272,3938,7729,7261,3640
7590,9315,23013,4720,8839,7866,3660
7744,9890,24116,4675,9111,8531,3680
7700,10113,24518,5087,9440,8783,3700
7498,9181,23109,4613,8775,8323,3720
7407,9328,23642,4921,8923,8812,3740
7315,9117,22286,4752,8282,8002,3760
6935,8460,20098,4305,7571,7602,3780
5467,7247,16747,3893,6441,6133,3800
5087,6602,14946,3761,5605,5399,3820
4582,5753,12216,3245,5012,4567,3840
4067,5178,9640,3096,4311,3939,3860
3350,3965,7640,2608,3680,3460,3880
3196,3914,6759,2739,3358,3467,3900
3037,3595,6130,2549,3271,3174,3920
2714,3346,5612,2549,3053,3256,3940
2897,2982,5403,2618,2989,3227,3960
2864,3237,5132,2577,3170,3221,3980
3080,3339,5529,2549,3465,3442,4000
3071,3250,5510,2497,3341,3445,4020
2782,3014,5326,2338,3217,3180,4040
3196,3122,5219,2324,3348,3211,4060
3042,3371,4914,2674,3190,3136,4080
2912,3237,4997,2435,2848,2969,4100
2498,2816,4111,2216,2804,2676,4120
2613,2841,4067,2362,2697,2795,4140
2652,2694,3888,2473,2536,2616,4160
2411,2567,3297,2213,2455,2638,4180
2546,2413,3104,2050,2455,2468,4200
2483,2592,2924,2147,2301,2367,4220
2883,2573,2876,2126,2398,2414,4240
2772,2586,2828,2144,2388,2320,4260
2710,2669,2828,2168,2372,2257,4280
2979,2982,3123,2210,2291,2455,4300
3249,2713,3326,2296,2543,2379,4320
3677,3148,3447,2352,2502,2401,4340
3595,3358,3438,2251,2351,2405,4360
4216,3339,3878,2341,2549,2695,4380
4731,3946,4474,2573,2731,2348,4400
5005,4239,4745,2601,2771,2695,4420
5077,4067,4948,2428,2670,2506,4440
5756,4182,5355,2805,2754,2521,4460
6050,4699,5568,2629,2949,2559,4480
6435,4999,5737,2767,2764,2773,4500
5761,4891,5602,2549,2757,2515,4520
6541,5427,5975,2639,2942,2748,4540
6483,4693,5941,2937,2972,2537,4560
6040,5076,5762,2594,2871,2691,4580
5087,4654,5093,2563,2804,2562,4600
5448,4239,5084,2760,3002,2704,4620
4577,4456,4246,2397,2771,2698,4640
4177,4239,4067,2424,2798,2704,4660
3494,3537,3563,2352,2633,2405,4680
3489,3416,3326,2303,2821,2660,4700
3297,3173,3428,2095,2674,2726,4720
2738,2803,3142,2324,2546,2704,4740
2892,2796,2779,2272,2429,2553,4760
3340,2931,3147,2348,2640,2581,4780
3109,2911,3229,2272,2596,2575,4800
3273,2975,3234,2352,2580,2540,4820
2912,2854,3181,2442,2700,2644,4840
3200,3218,3568,2306,2580,2717,4860
3128,3256,3491,2438,2472,2543,4880
3518,3288,3515,2483,2707,2783,4900
3095,2886,3249,2372,2660,2524,4920
3369,3109,3685,2393,2731,2777,4940
3494,3384,3689,2341,2741,2789,4960
3311,3314,3568,2494,2767,2502,4980
3196,3160,3399,2331,2690,2622,5000
2998,3135,3404,2483,2643,2729,5020
3104,3275,3288,2500,2821,2852,5040
3099,3135,3370,2532,2697,2748,5060
2743,3077,2905,2376,2677,2758,5080
2844,3148,2760,2469,2757,2836,5100
2777,2848,2861,2743,2814,2789,5120
2753,3033,2876,2615,2818,2899,5140
2676,2752,2736,2421,2751,2518,5160
2657,3116,3007,2639,2791,2871,5180
3042,3390,2963,2663,2989,3010,5200
2700,3224,3099,2958,2999,2966,5220
2969,3097,2890,2885,2878,2972,5240
3268,3128,3142,3048,3133,3019,5260
3330,3403,3074,2937,2848,3041,5280
3191,3492,3166,3165,3006,3136,5300
3104,3007,3045,3141,3006,3076,5320
3446,3211,3384,3294,3029,3227,5340
3075,3409,3045,3311,3136,3237,5360
3239,3518,3133,3221,3059,3079,5380
3162,3531,2857,3217,2945,3076,5400
3470,3263,2934,3210,3193,3155,5420
3225,3588,3186,3245,3224,3234,5440
3191,3652,3045,3231,3177,3278,5460
3138,3626,3036,3152,3257,3164,5480
3273,3901,2900,2965,3167,3120,5500
3200,3844,2653,3027,3170,3325,5520
3133,4080,2939,3141,3227,3303,5540
2897,4386,2716,2798,3016,3243,5560
3234,4782,2808,2829,3153,3234,5580
3003,4935,2624,2850,3177,3240,5600
2969,5567,2823,2698,3157,3161,5620
2907,5791,2716,2611,3354,3041,5640
3244,6429,2997,2916,3133,3394,5660
3215,7534,2924,3030,3271,3230,5680
3220,8057,2929,3020,3653,3448,5700
3369,8747,2978,2989,3267,3205,5720
3831,10643,3321,3048,3230,3561,5740
3788,11703,3573,3075,3630,3350,5760
4076,12680,3680,2996,3700,3552,5780
3764,13880,3612,2937,3294,3341,5800
4457,16798,4159,3349,3720,3813,5820
4514,18452,4522,3072,3814,3921,5840
4996,19122,4430,3467,4002,4110,5860
4793,20188,4997,3321,4109,4122,5880
5308,21465,5176,3619,4461,4236,5900
5544,21791,5394,3733,4730,4305,5920
5718,21848,5694,3816,5052,4598,5940
5987,20061,5713,3744,4804,4831,5960
6387,20041,6212,4066,5911,5427,5980
6810,19180,6633,4294,6568,5953,6000
7643,17354,7214,4235,7199,6205,6020
7763,15770,7514,4526,7665,6691,6040
8682,15253,8671,4852,9040,7992,6060
10193,15132,10056,5150,10446,9199,6080
11416,14474,11310,5306,11858,10321,6100
12542,15534,13363,5642,13924,11645,6120
14900,17590,15522,6306,15917,13400,6140
16748,19109,18408,6750,18738,15509,6160
20026,22014,21608,7359,22136,17847,6180
21590,23796,24678,7744,24608,20643,6200
26903,28533,29680,8495,29848,25178,6220
30383,33551,33703,9607,34957,28837,6240
35263,38589,40089,10926,41230,33608,6260
39007,43288,44592,11238,45668,37813,6280
43863,49462,51811,12679,54604,44957,6300
50553,57641,58618,14133,62474,51541,6320
54870,63872,66176,15238,70437,57967,6340
57517,66554,69072,15297,72863,60602,6360
63928,74911,75768,16679,80622,67021,6380
65684,77452,78000,16717,83476,68818,6400
66079,78135,79331,16876,82467,67255,6420
60361,72217,71003,15467,72936,60394,6440
58687,73175,72257,15269,72440,59313,6460
55322,67416,65319,13919,63514,52483,6480
47718,61714,56507,12578,54239,45127,6500
38146,49826,45342,10708,43363,35405,6520
34536,44399,38249,9552,35393,28853,6540
27341,36974,30324,8218,27520,23161,6560
21479,29638,23293,7120,21194,17794,6580
16642,22602,17314,5953,15296,13196,6600
13514,18554,13513,5444,12908,11090,6620
11300,14251,10850,5042,10375,9048,6640
9476,11218,8323,4779,8577,7854,6660
7763,9724,6996,4350,7350,6662,6680
7166,8856,6735,4682,7091,6451,6700
6954,8038,6241,4530,6789,6335,6720
6642,7323,6154,4620,6806,6256,6740
6776,7470,5873,4388,6464,6020,6760
6661,7413,6183,4526,6498,6272,6780
6743,7534,6507,4492,6870,6492,6800
7238,7572,6807,4665,7370,6275,6820
7171,7502,7190,4765,7011,6480,6840
8047,8377,8250,4783,7997,7031,6860
8894,8798,8589,4852,8634,7718,6880
9308,9488,9398,4977,9470,8427,6900
9346,9998,9587,5268,9772,8471,6920
10679,11346,10758,5191,10889,9776,6940
11416,12539,12429,5891,11721,10082,6960
12552,13535,13591,5745,12747,11270,6980
12744,13152,13983,5984,13659,12055,7000
13437,14480,15169,6023,14283,12704,7020
14371,15489,15677,6178,14659,12874,7040
14400,15355,16181,6081,14699,12808,7060
12922,14251,14404,5548,13203,11100,7080
14145,15125,14971,6310,13663,11903,7100
12701,14576,13910,5863,12978,11642,7120
11892,13944,13116,5662,11865,10438,7140
10448,11773,11121,5015,10308,8708,7160
9972,11045,10240,5087,9077,7996,7180
8677,9864,9083,4852,7907,6801,7200
7575,8383,7664,4613,6823,6057,7220
6305,7330,6391,4274,5639,5266,7240
6338,6844,5820,4423,5260,5065,7260
5578,6225,5185,4149,4626,4592,7280
5025,5823,4474,4194,4518,4428,7300
4793,4846,4048,4332,4297,4069,7320
4644,5280,3917,4377,3925,4132,7340
4702,4929,3539,4090,3797,4040,7360
4346,4788,3680,4222,3898,3861,7380
4110,4552,3544,4062,3794,4002,7400
4288,4463,3476,4094,3623,3684,7420
4351,4399,3704,4080,3838,3861,7440
4327,4584,3786,4055,3804,3898,7460
4283,4482,3539,3979,3697,3760,7480
4529,4603,3733,4298,4029,4154,7500
4384,4942,3525,4429,4019,3943,7520
4601,4425,3409,4301,3730,3984,7540
4654,4373,3515,4145,3677,3804,7560
4211,4980,3409,4436,4005,3990,7580
4351,5312,3685,4461,3985,4018,7600
4548,4750,3554,4651,3928,3908,7620
4500,4903,3539,4582,3985,3914,7640
4630,5235,3438,4755,4072,4069,7660
4490,5255,3554,4894,4190,4248,7680
4620,5414,3365,5035,4341,4239,7700
4543,5542,3418,4641,4260,4258,7720
5000,5951,3859,5074,4488,4649,7740
5087,6021,3888,5389,4579,4680,7760
5063,6340,3854,5500,4931,4734,7780
5097,6806,4101,5513,4690,4551,7800
5443,7023,4532,5735,4794,4992,7820
5852,7757,4493,6161,4928,5191,7840
5679,8511,4512,5991,5109,5197,7860
5347,8741,4672,6085,4730,4872,7880
6146,9896,4919,6663,5374,5566,7900
6117,10305,5176,6455,5109,5440,7920
6199,11039,5147,6930,5166,5581,7940
6464,11122,5089,6577,5032,5027,7960
6488,11690,5679,7300,5176,5455,7980
6310,12686,5670,7141,5431,5244,8000
6593,13395,5612,7484,5240,5298,8020
6579,12967,5878,7134,5062,5273,8040
6257,13338,5360,7065,5116,5254,8060
6050,13006,5563,6656,4968,4879,8080
5693,12290,5171,6532,4830,4516,8100
5684,11537,4619,5919,4116,4469,8120
5708,11180,4847,6068,4297,4330,8140
5453,9966,3999,5610,4290,4324,8160
4832,8709,3912,5520,3881,4138,8180
4659,7508,3670,4880,3797,3873,8200
4245,7649,3370,4994,3770,4002,8220
4481,7304,3128,4810,3589,4103,8240
4211,6480,3196,4814,3687,3971,8260
3913,6002,2677,4426,3542,3539,8280
3922,6104,2605,4727,3247,3646,8300
3894,6078,2837,4353,3448,3854,8320
3581,6749,2731,4384,3324,3760,8340
3711,6397,2658,4180,3328,3360,8360
3792,7496,2992,4423,3643,3709,8380
3778,8460,2798,4388,3381,3735,8400
3980,8824,2745,4412,3697,3801,8420
3773,9328,2890,4229,3291,3590,8440
3971,10905,3094,4440,3458,3684,8460
3855,12086,3409,4575,3415,3858,8480
4240,13880,3147,4388,3794,3776,8500
4173,14468,3326,4128,3358,3672,8520
4394,16019,3549,4526,3599,3962,8540
4404,18164,3747,4682,3673,3898,8560
4500,19339,3844,4454,3858,3747,8580
4620,18873,3665,4416,3693,3933,8600
4452,21561,4096,4558,3968,4154,8620
4649,21810,4135,4568,3791,4138,8640
4779,20769,4019,4734,3730,3977,8660
4538,20667,3844,4682,3878,3757,8680
4615,20259,3970,4786,3770,4053,8700
4356,18247,3786,4516,3962,3858,8720
4433,16287,3544,4973,3881,3993,8740
4279,13682,3181,4710,3630,3624,8760
4134,12942,3205,4755,3965,3933,8780
4442,11582,3229,4959,3536,3738,8800
4293,10337,3016,4952,3458,3706,8820
3701,8447,2823,4571,3593,3946,8840
3908,8447,3142,4984,3864,3870,8860
4062,7368,2857,4977,3727,3804,8880
3788,6915,2736,4894,3814,3927,8900
3792,6372,2687,4693,3489,3690,8920
3966,6583,3171,4848,3841,3898,8940
3913,6187,2968,4738,3626,3971,8960
4023,6008,2779,4932,3619,4034,8980
3682,5376,2639,4554,3546,3530,9000
4023,5146,2639,5015,3519,3681,9020
4081,5108,2629,4537,3448,3810,9040
3807,5427,2769,4717,3358,3845,9060
3807,4744,2552,4738,3401,3564,9080
3720,4667,2677,4810,3375,3514,9100
3783,4718,2677,4755,3505,3624,9120
3850,4942,2716,4956,3442,3807,9140
3629,4565,2421,4360,3183,3432,9160
3961,4757,2658,4696,3267,3460,9180
3894,4501,2760,4561,3418,3716,9200
4014,4737,2866,5015,3334,3568,9220
3552,4852,2571,4423,3187,3473,9240
3677,4846,2895,4821,3257,3747,9260
3865,5165,2949,4706,3294,3599,9280
3836,4974,2702,4745,3354,3552,9300
3980,5031,2949,4734,3274,3347,9320
3735,4648,2813,4758,3365,3580,9340
3869,5542,2852,4589,3375,3624,9360
3942,5663,2803,4575,3472,3659,9380
3518,5216,2794,4419,3354,3460,9400
3865,6040,2939,4862,3398,3590,9420
3860,6225,2987,4630,3358,3697,9440
3672,6110,2905,4803,3408,3574,9460
3484,6123,2929,4357,3267,3527,9480
3884,6525,3045,4416,3546,3681,9500
3894,6940,3021,4537,3368,3672,9520
3971,6985,3196,4616,3371,3605,9540
3696,6793,3036,4440,3308,3574,9560
3908,7515,2924,4492,3495,3482,9580
3836,6998,3496,4807,3579,3678,9600
4004,6729,2920,4748,3358,3492,9620
3542,6212,3142,4242,3103,3523,9640
3865,6321,2910,4734,3505,3785,9660
3677,6117,3118,4862,3532,3684,9680
4115,6059,3050,4810,3492,3697,9700
3850,5504,2910,4423,3217,3372,9720
3797,5133,2953,4790,3217,3495,9740
3725,5018,2958,4748,3489,3571,9760
3821,5044,2992,4495,3371,3741,9780
3460,4303,2745,4509,3284,3492,9800
3768,4533,2663,4710,3271,3492,9820
3561,4552,2949,4634,3321,3568,9840
3841,4322,2692,4648,3314,3665,9860
3788,4086,2755,4509,3358,3457,9880
3658,4188,2576,4945,3297,3549,9900
3850,4003,2745,4790,3445,3706,9920
3865,4227,2876,4790,3388,3631,9940
3691,4227,2823,4852,3271,3716,9960
3807,4508,2576,4880,3432,3839,9980
3932,4431,2595,4741,3331,3750,10000
3898,4201,2769,4779,3445,3713,10020
3682,4201,2464,4658,3197,3322,10040
3768,4386,2435,5018,3244,3650,10060
3971,4533,2832,4599,3257,3615,10080
3898,4182,2673,4741,3462,3580,10100
4081,4348,2561,4717,3123,3596,10120
4052,4252,2789,4980,3234,3517,10140
4009,4456,2532,5039,3331,3564,10160
4096,4878,2755,4904,3287,3467,10180
4173,4597,3002,5029,3230,3546,10200
4331,5095,2847,4980,3344,3596,10220
4514,5140,3012,4942,3452,3738,10240
4668,5299,2987,4838,3505,3738,10260
4259,5369,2818,4752,3230,3322,10280
4774,5848,3137,4911,3277,3684,10300
5106,6334,3137,5157,3301,3886,10320
5183,6627,3413,4994,3136,3839,10340
5227,6793,3505,4921,3227,3511,10360
5896,7451,3539,4942,3160,3602,10380
5770,8115,3660,5112,3334,3590,10400
6353,8964,3898,4952,3237,3722,10420
6228,8294,3791,4641,3250,3448,10440
6752,9813,4009,4945,3234,3687,10460
7084,10107,4353,5025,3183,3634,10480
7286,10260,4677,4997,3378,3627,10500
7055,10196,4561,4852,3297,3328,10520
7508,11065,4580,5143,3220,3612,10540
7286,10330,4614,5122,3650,3564,10560
7070,10292,4275,5160,3442,3552,10580
6670,9194,3999,5025,3237,3561,10600
6579,9188,4057,4845,3492,3520,10620
5992,8441,4057,4900,3378,3624,10640
5847,7860,3563,5240,3110,3662,10660
5313,6819,3447,4914,3106,3476,10680
5183,6672,3176,4994,3291,3454,10700
5053,5925,3186,4935,3217,3709,10720
4582,5804,2924,5108,3123,3684,10740
4177,5197,2644,4706,2979,3416,10760
4216,4737,2610,5004,3234,3640,10780
3961,4903,2518,4831,3019,3498,10800
4023,4559,2401,4949,3083,3634,10820
3802,4169,2232,4772,3147,3338,10840
3971,4233,2595,5091,3079,3429,10860
3783,4169,2518,4866,3163,3511,10880
4048,4156,2445,5001,3157,3596,10900
3687,3831,2092,4398,2949,3237,10920
3879,3933,2266,5004,3197,3445,10940
3850,3850,2329,4717,3193,3577,10960
3850,3837,2319,4935,3321,3523,10980
3619,3984,2431,4807,2985,3268,11000
3696,4182,2324,5011,3197,3596,11020
3971,4131,2019,4713,3217,3621,11040
3802,3997,2523,4668,3204,3552,11060
3638,3927,2208,4682,3083,3215,11080
3975,4067,2130,4977,3032,3268,11100
3528,3907,2319,4717,3351,3284,11120
3908,4061,2498,4855,2985,3338,11140
3682,3888,2271,4793,2996,3410,11160
3735,4099,2474,4803,3083,3546,11180
3802,4029,2271,4835,3039,3634,11200
4052,3888,2193,4890,3160,3451,11220
3764,3882,2348,4907,2952,3451,11240
3821,3939,2421,4894,3086,3382,11260
3990,4061,2232,4911,2935,3356,11280
3715,3946,2513,4842,2965,3498,11300
3489,3748,2150,4779,2881,3442,11320
3985,3901,2324,5067,3089,3360,11340
3542,3927,2247,4838,2915,3372,11360
3629,4265,2271,4689,2972,3382,11380
3691,3786,2198,4731,2902,3309,11400
3764,3888,2319,5018,2965,3271,11420
3898,3965,2358,4845,2828,3419,11440
3913,3984,2358,5004,3019,3249,11460
3773,4067,2092,4675,2845,3356,11480
3561,4233,2232,4696,2878,3419,11500
3720,4271,2222,4907,3204,3375,11520
3662,4335,2363,4873,2865,3505,11540
3249,4284,1898,4738,2892,3000,11560
3480,4367,2353,4890,3009,3479,11580
3643,4367,2455,4855,3230,3344,11600
3749,4259,2537,4679,3150,3363,11620
3557,4239,2387,4710,2861,3117,11640
3764,4361,2571,4835,2928,3196,11660
3715,4048,2392,4914,3079,3256,11680
3624,4271,2280,5074,3022,3252,11700
3682,4182,2159,4907,2714,3098,11720
3932,4495,2431,5212,3120,3300,11740
3807,4527,2455,5250,3006,3287,11760
3788,4456,2392,5316,2945,3391,11780
3648,3965,2329,4935,3009,3230,11800
3662,4591,2421,5278,3083,3249,11820
3898,4552,2658,5347,2992,3303,11840
3773,4488,2677,5274,2985,3218,11860
3701,4463,2644,5306,3032,3369,11880
3980,4469,2542,5292,3032,3467,11900
3908,4405,2687,5517,3110,3366,11920
4153,4488,2721,5299,3204,3564,11940
3908,4182,2585,4952,3059,3060,11960
3691,4565,2760,5074,3344,3460,11980
4052,4501,2803,5129,3240,3675,12000
4259,4903,2745,5191,3049,3549,12020
3749,4361,2774,4790,3036,3489,12040
4476,4699,2803,4900,3291,3344,12060
4307,4571,2823,5070,3341,3533,12080
4240,4303,2857,4779,3308,3423,12100
4019,4508,2847,4502,3254,3363,12120
4221,4833,2968,5115,3207,3375,12140
4524,4795,2852,4963,3190,3482,12160
4601,4705,2798,5032,3210,3404,12180
4317,4482,2552,4516,3086,3107,12200
4370,5006,2982,4883,3301,3287,12220
4664,5114,2997,4824,3344,3448,12240
4721,5095,3012,5001,3311,3555,12260
4399,5069,2765,4703,2996,3378,12280
4765,5267,3123,4720,3267,3457,12300
4880,5101,3200,4876,3314,3271,12320
4895,5472,3283,4613,3197,3284,12340
4697,5312,3016,4544,3126,3432,12360
5053,5523,3317,4797,3502,3331,12380
5126,5861,3166,4776,3093,3416,12400
5434,5746,3525,4859,3250,3306,12420
5684,6104,3433,4551,2871,3199,12440
5689,6525,3583,4717,3324,3312,12460
6314,6851,3922,4675,3261,3615,12480
6160,7093,3854,4862,3053,3432,12500
6300,7470,4101,4613,3046,3404,12520
6978,7885,4038,4817,3069,3590,12540
6521,7559,4144,4949,3143,3268,12560
6834,7987,4028,4949,3539,3164,12580
6810,8147,4256,4492,3029,3227,12600
7046,7802,4387,4585,3254,3593,12620
6839,7872,4028,4703,3103,3344,12640
6439,8140,4067,4873,3267,3306,12660
6175,7304,3747,4450,2774,3319,12680
5915,6883,3990,4464,3177,3152,12700
5597,6889,3588,4641,2996,3199,12720
5390,6627,3767,4658,3096,3221,12740
4885,5906,3394,4332,2848,3287,12760
5246,5638,3099,4696,2999,3183,12780
5020,5497,3181,4783,3110,3218,12800
4558,5312,2973,4696,2831,3152,12820
4259,4444,2644,4381,2881,2925,12840
4389,4737,2731,4803,2781,3079,12860
4360,4674,2794,4554,2915,3038,12880
4158,4220,2731,4630,2989,3196,12900
3956,4310,2808,4506,2690,2890,12920
4081,4476,2736,4281,2781,3029,12940
4288,4354,2774,4620,2720,3104,12960
4129,3971,2431,4610,2647,3126,12980
3797,3805,2484,4516,2533,2764,13000
4153,4131,2789,4835,2992,3063,13020
3908,3984,2585,4526,2892,2966,13040
3826,3952,2547,4551,2663,2937,13060
3720,3939,2469,4364,2714,2944,13080
3744,3799,2440,4398,2794,2985,13100
3749,3831,2450,4596,2637,2858,13120
3735,4041,2532,4655,2543,2928,13140
3855,3933,2639,4544,2549,2975,13160
3735,3927,2736,4620,2653,2953,13180
3687,4022,2653,4630,2680,3082,13200
3951,3939,2813,4367,2724,3010,13220
3720,3703,2523,4305,2573,2795,13240
3841,3875,2760,4474,2640,2836,13260
3513,3984,2750,4530,2556,3048,13280
3764,3965,2881,4603,2593,2899,13300
3672,3831,2798,4343,2546,2572,13320
3600,3837,2658,4225,2620,2632,13340
3932,3601,2677,4547,2838,2814,13360
3711,4061,2828,4426,2519,2685,13380
3374,3856,2619,4132,2647,2849,13400
3701,3633,2769,4474,2613,2745,13420
4134,3729,2866,4468,2499,2934,13440
3841,3729,2542,4461,2570,2764,13460
3225,3575,2339,4194,2358,2685,13480
3460,4029,2552,4298,2499,2742,13500
3605,3805,2469,4530,2482,2792,13520
3456,3550,2547,4488,2506,2673,13540
3533,3607,2445,4454,2388,2676,13560
3311,3537,2363,4540,2596,2865,13580
3557,3352,2358,4343,2301,2673,13600
3364,3620,2251,4128,2459,2871,13620
3566,3377,2251,4100,2214,2515,13640
3624,3480,2479,4235,2355,2754,13660
3398,3575,2460,4294,2559,2565,13680
3504,3409,2460,4353,2459,2632,13700
3263,3652,2339,4139,2211,2490,13720
3542,3588,2305,4260,2224,2584,13740
3860,3543,2503,4298,2351,2780,13760
3634,3422,2329,4551,2415,2679,13780
3369,3518,2547,4301,2596,2468,13800
3470,3741,2406,4426,2435,2581,13820
3701,3888,2508,4336,2445,2635,13840
3677,3563,2552,4391,2372,2509,13860
3537,3824,2276,4301,2288,2531,13880
3629,3773,2479,4357,2375,2679,13900
3561,3965,2731,4603,2335,2739,13920
3571,4048,2484,4492,2315,2483,13940
3504,3729,2629,4149,2351,2597,13960
3585,3939,2832,4287,2466,2635,13980
3749,3984,2692,4294,2375,2650,14000
3542,3844,3031,4291,2341,2509,14020
3701,4003,2566,4204,2144,2461,14040
3557,3933,2949,4509,2281,2477,14060
3533,4169,2832,4377,2157,2395,14080
3792,4335,3041,4343,2298,2414,14100
3354,4022,2823,4107,2113,2392,14120
3812,4188,2789,4433,2201,2427,14140
3768,3901,2823,4343,2170,2594,14160
3913,4150,2876,4419,2144,2591,14180
3436,4342,2673,4360,2023,2408,14200
3730,4239,2939,4436,2164,2301,14220
3711,4156,2736,4315,2133,2452,14240
3393,3933,2581,3979,2184,2395,14260
3446,3831,2251,3816,2184,2307,14280
3489,4016,2590,4135,2016,2427,14300
3460,3914,2445,4159,2251,2458,14320
3610,3652,2440,4229,2130,2178,14340
3316,3652,2392,3917,2070,2424,14360
3258,3895,2290,4052,2197,2493,14380
3407,3671,2387,4048,2254,2515,14400
3210,3607,2343,4097,2080,2483,14420
3484,3556,2266,4066,2234,2257,14440
3431,3390,2450,4073,2187,2310,14460
3383,3569,2392,4035,2123,2461,14480
3398,3761,2387,3965,2127,2458,14500
3508,3416,2242,3827,1942,2301,14520
3431,4035,2343,3986,2113,2395,14540
3624,3671,2406,3816,2016,2307,14560
3542,3652,2348,3747,2023,2294,14580
3480,3384,2397,3879,2040,2206,14600
3316,3773,2382,3879,2237,2260,14620
3643,3722,2363,3958,2016,2345,14640
3667,3946,2527,3990,2204,2351,14660
3590,3646,2329,4066,1915,2307,14680
3754,3709,2392,4024,2117,2474,14700
3470,4163,2561,4062,2107,2357,14720
3749,4271,2634,4114,2120,2332,14740
3441,3614,2508,3768,1905,2156,14760
3817,4214,2624,3997,2076,2219,14780
3629,4105,2295,4055,2013,2279,14800
3658,3914,2372,3875,2093,2096,14820
3302,3780,2309,3806,1993,2162,14840
3446,4029,2431,3733,2019,2294,14860
3451,3371,2469,3816,2170,2364,14880
3585,3512,2435,3886,1999,2427,14900
3215,3141,2271,3823,1885,2127,14920
3292,3524,2537,3983,2110,2291,14940
3571,3505,2445,3796,2107,2241,14960
3407,3741,2508,3719,1929,2219,14980
3123,3307,2339,3560,1885,2108,15000
3403,3716,2145,3730,1952,2146,15020
3176,3575,2343,3726,1895,2146,15040
3340,3154,2290,3823,1942,2260,15060
3215,3301,2392,3640,1885,2049,15080
3470,3422,2261,3543,2006,2212,15100
3340,3218,2242,3723,1855,2282,15120
3225,3377,2217,3768,1976,2118,15140
3123,3224,2019,3411,1798,2071,15160
3075,3435,1951,3778,1972,2089,15180
3446,2707,2198,3903,1929,2168,15200
3095,3224,2198,3865,1811,2209,15220
2984,3122,2077,3574,1919,1989,15240
3205,3320,1946,3567,1848,2080,15260
3263,2962,2339,3695,1771,2083,15280
3090,2867,2150,3699,1788,2121,15300
3234,2867,2174,3498,1845,2118,15320
3056,2969,1980,3546,1942,2102,15340
3138,2822,2266,3661,2107,2159,15360
3258,3173,2339,3609,1905,2083,15380
2945,2611,2067,3207,1865,1897,15400
3018,3103,2309,3633,1858,2134,15420
3220,3039,2440,3463,1741,2026,15440
3046,3065,2169,3875,1946,2181,15460
2830,3154,2237,3505,1707,2045,15480
2892,3288,2406,3699,1932,2162,15500
3239,3058,2329,3789,1842,2140,15520
3071,2905,2508,3765,1660,1951,15540
3167,2669,2387,3290,1731,1866,15560
3249,3218,2406,3737,1969,2058,15580
3220,3211,2527,3827,1905,2026,15600
3446,3090,2629,3456,1879,2045,15620
3191,2975,2348,3626,1764,1869,15640
3643,3154,2493,3550,1993,2134,15660
3403,3109,2731,3827,1775,2099,15680
3417,3211,2789,3813,1815,2036,15700
3302,3275,2794,3526,1986,1790,15720
3504,3224,2736,3605,1929,2093,15740
3379,2937,2808,3484,1738,1932,15760
3576,3154,2610,3713,1734,1900,15780
3340,2771,2615,3294,1697,1985,15800
3109,3084,2493,3557,1701,2064,15820
3321,3058,2421,3560,1748,2112,15840
3316,2828,2416,3435,1751,1869,15860
2965,2790,2251,3339,1677,1888,15880
3138,3116,2464,3546,1825,2071,15900
3152,2969,2673,3477,1882,1957,15920
2936,2943,2232,3394,1714,1941,15940
2787,2439,2043,3335,1738,1705,15960
3099,2873,1985,3370,1815,2052,15980
2965,2662,1961,3415,1838,1960,16000
2897,2707,1922,3477,1811,2023,16020
2647,2611,1888,3003,1442,1847,16040
2710,2656,1922,3307,1741,1932,16060
2984,2637,2043,3356,1644,1935,16080
2719,2841,2019,3394,1701,1935,16100
2580,2484,1980,3145,1523,1941,16120
2835,2707,2111,3390,1728,1907,16140
2864,2988,1908,3259,1758,1818,16160
2787,2605,2087,3328,1811,1891,16180
2724,2599,1796,3152,1637,1834,16200
2921,2816,2004,3255,1634,1932,16220
2830,2637,1879,3311,1778,1746,16240
2815,2579,1951,3010,1630,1771,16260
2686,2541,1758,3016,1654,1812,16280
2700,2707,2130,3203,1483,1793,16300
2844,2758,2024,3103,1603,1790,16320
2921,2675,1893,3203,1671,1885,16340
2738,2669,1966,3162,1711,1708,16360
3051,2841,1883,3082,1580,1724,16380
2642,2573,2019,3027,1667,1803,16400
2738,2860,2019,3016,1533,1696,16420
2628,2509,1578,3020,1607,1614,16440
2483,2611,1917,3030,1546,1856,16460
2705,2401,2004,3030,1624,1737,16480
2907,2675,1980,3079,1610,1970,16500
2483,2452,1782,2902,1372,1724,16520
2522,2592,1898,3079,1499,1718,16540
2844,2618,2029,3075,1731,1768,16560
2753,2541,1903,3027,1570,1620,16580
2546,2547,1874,2996,1563,1670,16600
2666,2567,1893,3013,1419,1800,16620
2710,2688,1777,2954,1459,1793,16640
2517,2656,1946,3197,1426,1705,16660
2195,2298,1791,2795,1389,1721,16680
2546,2343,1685,3079,1510,1759,16700
2637,2490,1971,2892,1597,1639,16720
2637,2630,1995,3242,1496,1837,16740
2267,2330,2038,3086,1556,1462,16760
2575,2477,1825,3165,1580,1692,16780
2666,2509,1859,3238,1620,1724,16800
2734,2579,1777,2954,1567,1724,16820
2353,2458,1864,2971,1409,1569,16840
2493,2439,1830,2989,1567,1708,16860
2671,2184,1709,2881,1452,1614,16880
2599,2682,1980,2906,1429,1658,16900
2397,2222,1816,2861,1332,1667,16920
2406,2401,1767,2996,1459,1541,16940
2406,2496,1724,2888,1429,1595,16960
2594,2528,1758,3037,1489,1617,16980
2373,2426,1646,2719,1389,1620,17000
2652,2254,1612,2656,1442,1617,17020
2719,2528,1893,2951,1570,1677,17040
2493,2554,2014,2906,1362,1519,17060
2363,1998,1753,2667,1359,1434,17080
2435,2420,1632,2840,1540,1503,17100
2469,2286,1743,2895,1493,1447,17120
2503,2222,1893,2888,1496,1620,17140
2315,2158,1680,2684,1315,1610,17160
2498,2381,1811,2757,1389,1425,17180
2647,2279,1791,2909,1302,1554,17200
2671,2209,1719,2888,1409,1481,17220
2325,2267,1791,2746,1338,1560,17240
2459,2407,1927,2847,1442,1484,17260
2613,2209,1680,2684,1365,1642,17280
2440,2286,1801,2864,1375,1437,17300
2334,2030,1598,2528,1214,1349,17320
2373,2330,1791,2843,1345,1519,17340
2387,2190,1888,2764,1332,1488,17360
2633,2235,1666,2601,1372,1434,17380
2228,2298,1670,2694,1177,1535,17400
2532,2260,1796,2791,1268,1450,17420
2262,2260,1699,2760,1419,1469,17440
2349,2011,1704,2726,1389,1510,17460
2373,2286,1772,2511,1134,1374,17480
2430,2286,1903,2642,1248,1544,17500
2397,2145,1598,2590,1241,1415,17520
2358,2177,1617,2743,1295,1352,17540
2329,2337,1772,2681,1265,1374,17560
2397,2203,1753,2514,1302,1456,17580
2546,2196,1743,2743,1302,1462,17600
2358,2222,1811,2618,1238,1298,17620
2426,2247,1632,2667,1392,1488,17640
2373,2311,1840,2497,1258,1428,17660
2445,2260,1646,2660,1265,1450,17680
2536,2279,1699,2681,1201,1434,17700
2238,2005,1796,2552,1221,1371,17720
2382,2145,1724,2570,1214,1355,17740
2127,2139,1627,2736,1308,1333,17760
2349,2209,1607,2362,1198,1434,17780
2161,2037,1690,2448,1285,1254,17800
2079,2005,1627,2417,1251,1544,17820
2161,2222,1603,2504,1157,1434,17840
2262,2062,1758,2525,1234,1551,17860
2127,2158,1578,2358,1157,1503,17880
2166,2139,1656,2327,1288,1418,17900
2382,2171,1728,2608,1130,1428,17920
2353,2107,1632,2331,1228,1361,17940
2089,2075,1298,2604,1241,1191,17960
2204,2145,1578,2448,1288,1459,17980
2089,2049,1603,2739,1278,1343,18000
2267,2260,1820,2442,1204,1412,18020
2108,1973,1564,2203,1171,1377,18040
2272,2069,1646,2521,1258,1264,18060
2132,2018,1632,2428,1238,1321,18080
2161,2101,1540,2500,1211,1248,18100
1920,2037,1607,2390,1171,1201,18120
2045,2094,1535,2300,1221,1453,18140
2137,2132,1632,2459,1221,1302,18160
2445,2228,1719,2514,1057,1409,18180
2002,2081,1574,2542,1137,1235,18200
2454,2196,1680,2230,1177,1396,18220
2079,2203,1520,2518,1094,1298,18240
2171,2139,1646,2545,1234,1283,18260
2041,1915,1491,2393,1067,1339,18280
2122,2056,1811,2410,1214,1346,18300
1978,2081,1617,2341,1134,1339,18320
2156,2011,1346,2355,1187,1292,18340
2132,1903,1482,2223,1090,1289,18360
2137,2203,1525,2397,1154,1399,18380
2248,2139,1569,2490,1117,1292,18400
1930,2037,1554,2500,1187,1273,18420
2199,2056,1607,2213,1130,1302,18440
2281,1947,1675,2341,1060,1207,18460
2257,2139,1898,2462,1141,1393,18480
2103,2088,1482,2539,1224,1361,18500
2094,2069,1544,2403,1171,1368,18520
2146,2222,1670,2573,1221,1368,18540
2146,2094,1549,2438,1181,1384,18560
2325,2164,1636,2369,1265,1387,18580
2209,2075,1525,2324,1228,1270,18600
2296,2094,1636,2667,1258,1245,18620
2171,2094,1777,2816,1214,1450,18640
2214,2132,1743,2788,1308,1415,18660
2175,2203,1767,2528,1161,1418,18680
2238,2222,1966,2559,1228,1302,18700
2291,2215,1636,2639,1325,1428,18720
2300,2343,1685,2514,1352,1387,18740
2113,2158,1719,2691,1298,1276,18760
2416,2241,1898,2656,1345,1573,18780
2296,2375,1840,2881,1469,1465,18800
2387,2158,1651,2743,1291,1563,18820
2363,2011,1588,2861,1372,1418,18840
2609,2247,1782,2816,1543,1510,18860
2397,2350,1680,2885,1298,1557,18880
2435,2401,1641,2798,1426,1472,18900
2503,2177,2014,2892,1389,1560,18920
2377,2190,1835,2829,1449,1566,18940
2305,2324,1777,2902,1245,1560,18960
2421,2675,1835,2753,1365,1541,18980
2464,2452,1840,2732,1345,1500,19000
2560,2260,1758,2871,1456,1494,19020
2609,2579,2009,2802,1312,1544,19040
2541,2324,1767,2684,1402,1484,19060
2315,2241,1796,2601,1191,1462,19080
2377,2305,1719,2681,1379,1519,19100
2079,2241,1859,2646,1352,1566,19120
2469,2126,1748,2750,1218,1428,19140
2171,2190,1850,2442,1214,1374,19160
2252,2043,1583,2584,1342,1213,19180
2108,2069,1825,2573,1234,1327,19200
2435,2350,1709,2649,1238,1302,19220
2132,1903,1302,2407,1187,1314,19240
2243,2030,1699,2393,1114,1346,19260
2426,2171,1491,2494,1063,1302,19280
2084,2037,1467,2445,1057,1239,19300
2132,1979,1423,2286,1080,1106,19320
2219,1986,1506,2317,1003,1229,19340
2146,2043,1515,2275,1026,1138,19360
2127,1941,1356,2362,986,1116,19380
1810,1941,1617,2213,1010,1015,19400
1983,1813,1414,1991,896,1135,19420
2089,1749,1428,2095,936,1094,19440
1882,1730,1670,2043,966,1024,19460
1968,1858,1511,1957,986,971,19480
1761,1730,1433,1950,926,1084,19500
1848,1660,1365,2071,869,1012,19520
1920,1705,1341,2029,839,1018,19540
1713,1698,1409,1922,993,986,19560
1853,1769,1448,1867,782,1018,19580
1867,1679,1278,1984,926,977,19600
1988,1788,1453,2023,922,905,19620
1694,1647,1264,1794,839,945,19640
1675,1615,1419,1901,933,927,19660
1728,1756,1288,1728,758,901,19680
1636,1641,1215,1829,949,949,19700
1713,1462,1152,1676,855,879,19720
1694,1781,1346,1808,829,882,19740
1651,1558,1288,1856,798,923,19760
1656,1577,1249,1912,842,895,19780
1545,1520,1210,1766,755,879,19800
1733,1673,1273,1804,818,845,19820
1521,1647,1293,1756,768,895,19840
1665,1711,1414,1870,748,854,19860
1444,1481,1244,1593,694,886,19880
1814,1724,1307,1690,802,895,19900
1737,1737,1390,1583,889,914,19920
1733,1609,1327,1839,869,835,19940
1704,1488,1356,1666,765,832,19960
1814,1615,1307,1735,792,810,19980
1800,1558,1230,1829,832,914,20000
1728,1449,1244,1777,832,949,20020
1810,1520,1181,1714,788,807,20040
1752,1603,1409,1728,795,911,20060
1699,1513,1380,1680,802,1009,20080
1699,1590,1569,1839,788,945,20100
1660,1539,1288,1718,852,901,20120
1896,1615,1336,1794,772,860,20140
1713,1686,1491,1725,815,854,20160
1651,1743,1201,1628,876,826,20180
1540,1590,1375,1728,751,715,20200
1627,1468,1239,1687,647,905,20220
1555,1494,1235,1531,748,747,20240
1588,1520,1244,1524,708,737,20260
1478,1430,1152,1510,708,763,20280
1453,1392,1172,1617,715,741,20300
1506,1692,1157,1430,681,681,20320
1415,1322,1123,1610,728,760,20340
1401,1315,1104,1354,711,696,20360
1367,1347,997,1427,661,722,20380
1343,1488,1177,1451,708,621,20400
1579,1379,1201,1392,547,687,20420
1420,1398,1017,1385,587,719,20440
1194,1424,1026,1351,587,750,20460
1324,1098,1104,1285,634,684,20480
1275,1079,993,1285,681,687,20500
1275,996,949,1157,641,731,20520
1333,1283,1065,1264,570,596,20540
1319,1315,901,1278,604,643,20560
1290,1258,1080,1326,634,627,20580
1319,1322,939,1205,590,596,20600
1314,1251,1065,1319,644,649,20620
1304,1283,1041,1319,540,646,20640
1256,1162,852,1413,641,583,20660
1198,1047,872,1223,547,536,20680
1304,1111,1094,1278,624,580,20700
1155,1175,983,1330,466,633,20720
1194,1219,1065,1340,614,665,20740
1169,1105,988,1261,553,684,20760
1222,1149,867,1243,547,633,20780
1213,1162,1085,1333,574,570,20800
1246,970,818,1247,530,567,20820
1184,1111,1133,1184,580,574,20840
1165,1200,1007,1167,564,611,20860
1155,1149,915,1316,577,643,20880
1203,1200,978,1295,533,526,20900
1117,1092,963,1219,527,492,20920
1261,1111,881,1216,550,602,20940
1314,1162,804,1202,570,665,20960
1304,1034,954,1250,597,633,20980
1266,1073,872,1081,580,488,21000
1107,1092,842,1264,547,633,21020
1169,1136,901,1132,560,602,21040
1136,1117,852,1229,577,514,21060
1064,1111,813,1198,567,526,21080
1246,1156,886,1188,600,577,21100
1242,1207,925,1112,627,564,21120
1073,1130,939,1209,604,668,21140
1097,1053,731,1091,600,586,21160
1107,1162,770,1264,473,690,21180
1131,983,823,1212,617,561,21200
1179,1188,828,1112,543,605,21220
1035,970,896,1122,453,552,21240
1040,1156,915,1157,530,627,21260
1117,1079,784,1129,500,511,21280
1131,1207,896,1195,577,545,21300
958,1124,702,1046,560,605,21320
1145,983,789,1022,523,564,21340
1073,1028,784,1119,439,567,21360
987,1092,828,959,533,652,21380
991,945,765,1053,493,492,21400
1073,1022,702,1032,540,570,21420
1155,1085,930,1115,513,498,21440
972,1009,750,1008,443,463,21460
987,919,746,1018,483,476,21480
938,1015,809,904,456,438,21500
1049,983,896,1101,446,514,21520
881,900,901,984,523,526,21540
857,1041,683,949,456,488,21560
895,958,760,932,483,413,21580
1064,958,852,935,439,460,21600
866,919,663,921,416,488,21620
876,907,702,925,426,438,21640
857,951,736,855,342,466,21660
1006,836,741,904,443,416,21680
948,887,629,880,409,435,21700
837,741,605,810,382,463,21720
938,887,775,904,389,432,21740
1001,926,634,894,406,381,21760
881,843,712,731,389,369,21780
857,773,629,710,386,429,21800
833,728,658,855,423,407,21820
813,798,644,776,386,397,21840
919,798,731,848,382,413,21860
746,728,639,713,369,375,21880
823,836,644,838,325,344,21900
890,817,620,779,362,378,21920
722,817,692,765,342,328,21940
712,862,620,675,339,280,21960
833,734,620,769,335,381,21980
852,638,688,790,305,356,22000
780,702,663,810,275,356,22020
707,862,600,630,356,400,22040
876,734,615,734,295,331,22060
582,766,465,686,309,347,22080
693,753,596,800,302,388,22100
746,677,610,748,342,344,22120
775,670,600,668,295,312,22140
635,651,581,655,305,344,22160
736,728,571,627,309,328,22180
770,632,518,623,242,306,22200
650,658,508,703,258,391,22220
717,753,596,558,302,290,22240
621,728,542,679,278,299,22260
635,670,474,610,288,306,22280
688,824,416,616,252,258,22300
722,517,542,530,322,331,22320
635,677,571,616,352,331,22340
621,651,547,623,228,262,22360
751,702,508,606,268,312,22380
736,498,537,603,292,243,22400
606,690,513,644,275,315,22420
650,587,460,523,218,268,22440
650,741,479,606,268,290,22460
640,683,479,693,252,287,22480
578,702,566,540,208,265,22500
563,690,470,547,272,255,22520
616,721,523,599,258,255,22540
582,766,557,530,319,306,22560
597,619,484,544,238,271,22580
553,594,402,513,255,243,22600
688,721,474,478,231,280,22620
645,543,470,481,285,217,22640
578,632,436,592,302,290,22660
520,549,474,485,245,217,22680
520,511,542,551,245,262,22700
616,581,412,419,245,249,22720
621,581,470,565,248,202,22740
501,568,431,519,225,208,22760
558,543,479,533,208,217,22780
467,492,450,558,228,265,22800
549,587,426,530,208,224,22820
515,504,431,457,242,265,22840
549,562,368,416,184,211,22860
476,485,460,391,205,195,22880
515,530,339,416,215,243,22900
539,524,392,398,208,164,22920
539,536,363,384,198,189,22940
505,409,397,360,195,208,22960
481,581,363,423,161,186,22980
525,466,339,457,225,189,23000
462,421,324,402,181,202,23020
467,530,353,429,211,240,23040
409,568,324,381,184,186,23060
380,543,344,339,161,161,23080
462,479,378,409,151,199,23100
433,485,310,388,178,164,23120
419,485,324,350,184,161,23140
424,409,358,436,198,176,23160
448,549,305,402,188,148,23180
476,447,363,343,134,195,23200
371,434,334,346,188,151,23220
347,396,310,350,154,142,23240
303,466,276,367,168,161,23260
390,415,276,287,154,180,23280
375,409,349,377,174,132,23300
289,370,334,281,127,180,23320
414,396,281,291,151,170,23340
395,421,271,291,191,145,23360
361,434,276,364,148,151,23380
385,409,339,319,144,129,23400
279,415,252,287,171,161,23420
385,409,295,353,141,167,23440
380,370,271,326,168,151,23460
260,345,203,322,111,132,23480
298,370,223,277,161,161,23500
404,421,266,284,127,113,23520
366,415,261,232,168,136,23540
356,319,237,225,168,151,23560
342,421,223,336,151,142,23580
375,421,218,377,107,139,23600
347,396,305,229,131,79,23620
245,377,281,312,151,139,23640
332,434,242,301,101,91,23660
274,262,189,291,107,120,23680
371,300,261,235,107,129,23700
245,364,223,222,101,123,23720
265,415,232,277,84,110,23740
250,434,257,194,94,129,23760
332,383,189,232,154,126,23780
274,389,203,270,114,145,23800
332,268,189,287,114,104,23820
322,383,203,315,104,95,23840
207,364,208,253,101,107,23860
380,332,223,239,84,104,23880
303,287,228,194,101,91,23900
245,306,223,239,104,132,23920
303,268,218,225,117,136,23940
270,326,213,260,124,98,23960
245,396,174,222,101,95,23980
260,389,257,229,117,110,24000
241,275,203,235,131,98,24020
274,300,208,218,121,98,24040
289,332,232,246,117,139,24060
255,319,155,253,81,117,24080
221,300,145,163,101,82,24100
270,364,184,215,104,85,24120
332,243,213,263,91,104,24140
231,377,194,232,97,98,24160
245,396,145,201,114,85,24180
217,313,218,190,117,107,24200
250,306,136,166,121,85,24220
308,294,199,211,131,139,24240
260,268,184,218,138,113,24260
245,326,232,156,107,107,24280
178,326,107,215,114,154,24300
255,300,169,187,97,117,24320
226,287,179,187,74,113,24340
279,377,174,208,114,98,24360
284,313,179,170,141,129,24380
274,313,184,235,97,104,24400
318,332,165,194,117,107,24420
241,230,150,190,77,95,24440
279,287,179,190,84,98,24460
270,255,155,197,151,88,24480
178,313,126,218,94,72,24500
221,268,155,170,127,88,24520
250,281,189,152,94,107,24540
250,313,116,215,94,110,24560
212,358,111,173,64,107,24580
226,300,150,187,60,88,24600
289,300,189,229,94,79,24620
221,306,184,201,117,66,24640
164,223,179,194,104,117,24660
197,281,169,166,81,117,24680
289,262,136,177,97,101,24700
197,249,203,242,114,85,24720
221,204,126,163,104,95,24740
231,230,150,156,104,88,24760
168,198,199,218,81,107,24780
241,313,145,184,94,107,24800
245,243,145,184,87,85,24820
178,306,140,170,84,72,24840
212,236,150,197,94,88,24860
212,300,155,149,84,91,24880
294,262,136,180,111,95,24900
207,230,131,235,81,123,24920
183,294,169,190,91,136,24940
231,287,150,170,104,69,24960
231,294,126,173,101,88,24980
197,198,136,197,97,101,25000
212,281,155,208,104,82,25020
173,275,116,163,87,107,25040
183,211,145,139,94,69,25060
231,262,145,180,81,76,25080
197,287,169,180,104,101,25100
188,326,121,142,87,95,25120
202,243,126,177,87,101,25140
188,217,126,114,74,95,25160
197,223,169,166,87,91,25180
193,211,189,152,67,110,25200
183,275,116,204,101,69,25220
168,217,87,184,70,72,25240
241,236,145,204,104,88,25260
245,300,140,194,67,95,25280
193,262,169,166,74,63,25300
159,223,126,201,81,91,25320
188,236,140,145,84,63,25340
202,243,126,145,64,88,25360
173,243,145,166,44,79,25380
149,211,97,142,60,98,25400
250,275,107,197,81,98,25420
173,275,121,135,107,79,25440
173,192,169,194,74,82,25460
241,249,77,184,77,60,25480
178,211,111,173,64,88,25500
193,185,140,163,67,72,25520
178,223,126,177,77,63,25540
241,243,155,152,104,98,25560
164,147,140,187,50,79,25580
173,249,150,177,74,101,25600
164,115,150,177,74,38,25620
207,185,131,152,57,76,25640
197,255,121,187,70,113,25660
173,287,145,170,74,98,25680
183,236,102,173,67,57,25700
197,166,111,142,101,60,25720
178,230,111,166,64,98,25740
140,223,111,142,77,79,25760
183,223,160,149,74,85,25780
120,211,111,156,70,47,25800
130,134,107,149,44,72,25820
116,223,145,187,84,69,25840
217,223,92,135,64,76,25860
159,147,82,166,44,54,25880
202,160,126,156,57,79,25900
101,179,68,170,50,72,25920
197,223,107,156,67,57,25940
154,217,145,187,50,44,25960
183,179,107,152,74,60,25980
106,147,131,121,70,72,26000
130,153,63,159,70,44,26020
120,192,92,111,60,60,26040
188,128,136,187,44,69,26060
144,192,126,152,70,85,26080
120,134,107,139,57,47,26100
149,185,63,163,64,82,26120
149,147,82,180,44,82,26140
168,243,116,139,64,79,26160
164,160,107,177,81,60,26180
144,140,77,180,40,57,26200
183,160,102,145,70,88,26220
140,192,116,156,50,38,26240
164,192,92,163,44,44,26260
164,160,102,125,57,72,26280
178,211,53,190,67,32,26300
168,166,77,121,77,47,26320
164,109,116,139,70,79,26340
130,249,102,142,44,69,26360
135,192,68,135,44,54,26380
173,128,131,139,64,47,26400
144,192,73,145,77,63,26420
101,179,63,97,54,63,26440
106,223,68,142,47,63,26460
149,217,58,128,60,44,26480
159,172,87,166,37,69,26500
135,223,82,125,60,54,26520
164,185,87,125,44,63,26540
101,211,136,163,44,54,26560
135,217,131,152,30,72,26580
96,172,136,145,37,85,26600
149,185,87,142,30,69,26620
106,128,53,128,91,60,26640
154,172,77,159,54,54,26660
154,160,97,100,40,57,26680
120,153,73,125,47,60,26700
116,185,68,114,70,60,26720
96,230,92,132,44,79,26740
149,160,77,132,54,63,26760
173,192,121,107,64,44,26780
159,185,77,128,60,85,26800
168,166,82,128,40,79,26820
120,230,44,80,50,60,26840
154,140,107,152,60,50,26860
101,192,68,114,47,66,26880
140,115,77,145,44,60,26900
135,121,92,142,44,60,26920
188,217,63,152,44,47,26940
125,166,87,128,60,72,26960
116,166,87,187,60,57,26980
144,204,97,156,50,66,27000
193,134,97,132,64,50,27020
87,134,58,177,77,63,27040
144,115,73,159,37,54,27060
140,223,87,132,64,50,27080
140,140,102,121,27,72,27100
106,153,77,187,44,50,27120
173,147,63,104,54,69,27140
178,147,92,80,34,41,27160
125,192,63,152,54,69,27180
149,172,92,121,47,54,27200
140,166,82,135,54,47,27220
159,140,63,149,67,63,27240
144,147,97,145,54,50,27260
101,89,121,97,60,32,27280
144,185,44,111,34,54,27300
135,198,73,132,44,60,27320
125,153,82,114,47,63,27340
140,115,111,114,50,60,27360
116,153,68,104,54,47,27380
87,134,73,135,47,69,27400
125,134,102,118,54,57,27420
202,198,58,111,40,50,27440
159,109,82,97,57,69,27460
168,153,44,104,30,41,27480
125,134,53,125,37,32,27500
125,77,77,128,37,50,27520
111,83,73,132,40,54,27540
106,153,63,94,34,50,27560
48,115,68,163,27,57,27580
72,83,82,114,54,57,27600
111,179,68,139,20,57,27620
144,128,44,121,57,41,27640
135,147,92,87,34,47,27660
96,147,63,94,44,32,27680
125,204,82,111,54,50,27700
101,77,87,104,64,35,27720
63,179,82,170,64,50,27740
140,77,68,139,47,44,27760
106,89,92,128,57,63,27780
101,172,77,132,34,69,27800
130,140,58,97,37,32,27820
106,192,68,114,47,38,27840
144,109,77,128,44,76,27860
116,77,34,97,60,57,27880
77,128,48,125,60,38,27900
72,147,48,111,40,22,27920
144,83,48,100,27,32,27940
58,121,63,118,44,28,27960
67,128,53,90,40,41,27980
130,147,19,128,37,38,28000
135,128,63,132,47,50,28020
116,102,48,73,54,22,28040
96,109,58,100,40,47,28060
101,109,68,118,57,69,28080
101,121,58,80,40,38,28100
72,134,34,111,37,50,28120
77,134,53,104,27,44,28140
135,185,68,107,60,54,28160
96,96,53,104,34,69,28180
87,121,53,125,23,25,28200
159,147,53,87,47,38,28220
91,121,77,69,40,47,28240
106,89,29,111,30,50,28260
67,102,48,97,40,60,28280
77,153,68,114,37,47,28300
120,109,73,152,60,60,28320
87,83,53,139,57,25,28340
82,77,34,97,40,41,28360
82,121,39,87,54,22,28380
96,96,44,100,47,44,28400
111,153,82,128,30,32,28420
125,204,44,107,27,38,28440
140,185,58,111,54,41,28460
72,83,44,135,27,50,28480
116,83,73,100,20,32,28500
101,115,39,83,23,54,28520
101,89,44,100,44,44,28540
101,102,48,100,37,44,28560
87,166,48,107,40,60,28580
72,140,29,87,20,50,28600
53,109,73,125,23,47,28620
87,115,53,104,44,47,28640
101,140,44,125,27,47,28660
106,121,34,139,27,28,28680
63,109,44,114,17,35,28700
82,166,73,114,34,19,28720
72,70,39,76,34,38,28740
91,96,39,139,27,25,28760
87,121,48,107,37,35,28780
77,140,39,104,34,25,28800
87,109,53,83,30,22,28820
120,121,44,97,13,22,28840
125,115,39,97,40,25,28860
125,70,44,73,27,41,28880
87,51,68,90,37,28,28900
87,70,48,73,34,19,28920
82,115,48,107,20,28,28940
72,115,24,125,27,38,28960
77,51,48,128,30,41,28980
101,89,34,107,34,16,29000
77,96,44,94,23,28,29020
82,83,63,114,30,19,29040
101,121,39,94,40,35,29060
101,109,19,73,30,25,29080
82,134,73,69,40,47,29100
87,77,24,97,20,22,29120
67,89,39,107,40,38,29140
53,83,58,132,30,41,29160
72,160,44,121,23,19,29180
87,89,77,90,23,25,29200
82,121,58,100,23,44,29220
63,83,58,94,20,50,29240
91,77,48,83,54,44,29260
77,83,29,83,30,28,29280
91,128,34,97,23,32,29300
67,102,44,90,20,50,29320
101,77,34,104,37,28,29340
111,89,19,69,34,38,29360
77,96,24,69,20,25,29380
77,77,29,76,34,28,29400
77,89,19,83,30,28,29420
82,102,44,83,40,6,29440
77,57,44,100,30,28,29460
43,109,44,59,27,32,29480
72,89,19,76,44,28,29500
77,57,24,125,37,57,29520
58,115,48,114,13,38,29540
101,38,44,139,13,19,29560
48,115,44,83,20,41,29580
111,70,68,104,37,32,29600
58,109,48,94,34,25,29620
82,96,29,104,23,13,29640
58,70,24,83,20,28,29660
67,83,34,59,20,47,29680
63,102,53,94,20,35,29700
63,70,29,62,20,22,29720
91,83,34,66,34,19,29740
67,51,44,80,17,28,29760
63,64,19,48,27,38,29780
72,45,39,97,10,13,29800
82,89,19,114,37,32,29820
106,96,34,100,20,44,29840
101,89,53,97,23,28,29860
67,96,34,87,13,35,29880
67,83,34,83,30,32,29900
48,70,19,80,23,28,29920
77,77,10,97,27,19,29940
72,70,34,139,23,25,29960
72,102,29,83,23,16,29980
77,83,34,100,23,35,30000
43,64,44,55,20,13,30020
91,38,39,83,34,9,30040
77,128,24,104,23,35,30060
91,115,34,121,27,32,30080
53,128,15,97,40,38,30100
101,57,48,94,30,13,30120
48,121,19,90,17,13,30140
77,109,24,87,17,25,30160
87,51,15,73,17,22,30180
63,64,34,83,17,35,30200
63,38,39,107,34,22,30220
67,64,48,100,17,38,30240
43,64,24,59,17,25,30260
116,77,29,38,30,19,30280
96,64,29,128,13,16,30300
53,77,34,90,7,16,30320
53,64,39,80,17,25,30340
48,70,39,83,20,19,30360
96,57,19,83,17,28,30380
72,89,39,80,17,16,30400
82,64,39,90,17,28,30420
48,70,15,62,17,32,30440
77,70,44,66,34,38,30460
91,89,24,90,10,28,30480
72,89,39,52,27,19,30500
39,57,48,73,27,19,30520
53,57,34,73,20,22,30540
19,64,19,69,34,13,30560
77,57,48,94,23,22,30580
87,38,15,107,13,16,30600
63,70,39,52,27,22,30620
48,51,29,80,20,16,30640
96,70,10,80,17,22,30660
82,64,15,80,20,13,30680
63,83,34,100,23,38,30700
72,140,19,69,13,35,30720
48,64,29,83,27,16,30740
43,45,19,59,30,28,30760
24,70,29,104,20,22,30780
58,45,48,87,27,9,30800
58,45,29,69,3,6,30820
58,32,29,73,17,38,30840
53,64,34,66,13,25,30860
72,51,44,90,13,22,30880
63,64,39,52,20,28,30900
53,57,34,80,20,22,30920
77,45,34,80,7,9,30940
34,89,29,100,37,32,30960
53,102,19,76,17,16,30980
43,38,44,69,27,13,31000
72,57,39,48,23,22,31020
63,38,19,83,27,22,31040
58,64,39,59,23,32,31060
58,70,39,87,17,19,31080
43,115,39,83,10,25,31100
48,51,29,59,7,35,31120
24,32,24,55,17,25,31140
43,64,15,62,10,9,31160
34,51,19,90,10,16,31180
67,64,15,66,13,9,31200
39,70,53,87,30,32,31220
43,77,5,87,13,16,31240
72,70,29,73,23,9,31260
43,38,19,55,17,22,31280
53,57,15,69,23,22,31300
39,77,39,80,7,28,31320
53,45,29,76,10,28,31340
48,26,29,73,13,22,31360
67,89,24,48,10,13,31380
63,57,29,94,17,13,31400
82,13,10,83,20,13,31420
63,51,15,73,13,35,31440
48,70,24,76,7,22,31460
67,32,24,66,17,16,31480
67,57,24,73,20,32,31500
19,45,19,59,20,25,31520
58,51,15,45,17,6,31540
53,26,19,83,13,28,31560
58,32,34,80,17,16,31580
53,38,10,45,7,22,31600
67,38,29,59,17,35,31620
48,32,44,94,20,13,31640
39,83,10,62,17,25,31660
91,57,34,48,17,16,31680
48,26,15,76,17,13,31700
63,51,29,62,13,35,31720
82,57,15,31,7,13,31740
53,38,15,62,17,22,31760
67,83,15,48,17,22,31780
48,64,34,69,17,9,31800
39,57,39,87,13,25,31820
58,57,15,48,13,19,31840
53,57,10,62,20,22,31860
53,51,39,69,3,22,31880
34,45,24,55,13,28,31900
53,64,48,59,7,3,31920
53,51,10,55,17,6,31940
53,51,34,42,10,9,31960
34,51,24,59,10,25,31980
48,51,15,52,7,19,32000
48,57,39,35,23,19,32020
43,51,34,52,13,25,32040
58,38,24,52,23,19,32060
29,77,34,48,20,22,32080
82,38,15,76,20,9,32100
48,51,15,48,10,3,32120
48,45,15,35,20,22,32140
53,32,19,66,13,13,32160
67,83,10,45,10,22,32180
72,19,10,66,3,9,32200
34,51,10,66,3,19,32220
43,45,68,52,34,6,32240
43,51,34,59,10,13,32260
29,64,19,28,30,6,32280
14,38,15,80,3,6,32300
53,57,39,69,23,25,32320
39,32,5,38,13,3,32340
34,45,39,45,20,25,32360
19,89,15,48,13,6,32380
24,64,24,38,13,9,32400
34,51,19,52,20,16,32420
34,32,19,45,7,16,32440
43,45,34,35,13,19,32460
29,57,29,42,0,16,32480
53,45,29,73,13,3,32500
29,26,34,76,13,9,32520
29,26,39,42,7,19,32540
29,45,10,42,13,9,32560
43,45,24,45,10,13,32580
63,32,15,45,7,13,32600
48,38,53,62,3,13,32620
43,38,10,52,10,6,32640
39,38,10,62,17,19,32660
34,45,34,31,7,13,32680
53,38,5,42,17,22,32700
24,38,29,42,7,16,32720
48,26,10,59,13,13,32740
58,19,5,38,7,6,32760
34,32,29,31,7,16,32780
48,45,24,42,7,6,32800
19,38,24,45,17,0,32820
48,45,24,45,7,6,32840
53,6,24,55,10,6,32860
24,19,19,62,13,6,32880
63,32,34,52,13,16,32900
34,26,29,59,10,19,32920
39,26,44,55,10,16,32940
67,45,15,48,10,13,32960
77,38,10,42,20,22,32980
43,32,24,48,7,22,33000
24,32,29,52,7,13,33020
24,26,24,52,3,16,33040
82,51,34,48,20,9,33060
43,26,10,48,3,16,33080
14,19,5,42,10,19,33100
58,26,5,31,13,6,33120
48,32,29,42,10,19,33140
48,26,19,35,10,9,33160
43,64,24,66,7,22,33180
34,19,10,55,10,13,33200
29,57,10,45,3,3,33220
63,45,24,48,10,9,33240
53,19,15,45,17,13,33260
43,19,15,45,7,16,33280
39,32,10,31,7,9,33300
29,13,10,45,17,13,33320
48,19,15,48,10,6,33340
34,77,15,42,7,22,33360
34,13,5,45,10,9,33380
48,38,34,28,17,16,33400
29,32,0,48,0,6,33420
34,26,19,31,10,3,33440
34,19,15,55,7,6,33460
43,19,15,42,13,3,33480
48,38,24,38,10,9,33500
34,19,5,45,3,19,33520
24,38,19,35,7,9,33540
29,32,10,31,13,3,33560
53,38,34,38,3,9,33580
14,32,24,28,7,3,33600
58,32,15,31,3,6,33620
19,13,19,80,13,3,33640
19,70,24,52,7,25,33660
29,32,0,38,13,13,33680
43,19,29,59,3,13,33700
48,32,19,35,10,13,33720
14,13,19,52,0,9,33740
43,19,15,42,13,19,33760
10,26,19,42,10,13,33780
39,51,34,48,3,16,33800
10,45,15,38,7,13,33820
29,26,15,31,13,6,33840
19,45,19,38,3,16,33860
24,26,10,45,7,3,33880
19,26,5,38,10,13,33900
29,57,19,62,10,13,33920
24,13,15,28,7,6,33940
39,51,5,59,13,3,33960
39,19,10,31,23,13,33980
19,26,10,17,10,9,34000
43,19,5,35,7,16,34020
43,13,15,21,10,9,34040
14,19,24,42,0,3,34060
34,13,10,48,3,9,34080
10,38,5,35,7,6,34100
19,45,10,28,17,16,34120
14,57,10,48,0,9,34140
39,6,15,45,7,9,34160
24,57,15,42,13,9,34180
19,38,10,62,0,19,34200
29,57,19,24,13,9,34220
24,57,10,24,3,6,34240
24,26,15,35,13,3,34260
14,13,15,31,7,13,34280
39,19,10,38,10,6,34300
29,45,5,31,3,6,34320
34,38,5,28,10,9,34340
24,13,15,31,7,3,34360
19,26,19,21,3,16,34380
19,19,15,48,7,9,34400
19,19,24,24,10,6,34420
34,19,5,24,7,13,34440
19,26,24,42,7,13,34460
34,19,0,14,13,6,34480
34,45,29,24,10,3,34500
39,19,24,24,13,9,34520
39,26,24,55,13,6,34540
24,6,0,38,10,13,34560
19,26,5,48,13,13,34580
29,19,15,21,20,16,34600
19,32,24,21,10,3,34620
39,19,19,17,13,6,34640
29,26,5,31,10,3,34660
24,38,15,31,0,19,34680
19,19,15,38,7,13,34700
14,6,5,14,0,13,34720
24,32,5,38,3,16,34740
24,45,15,21,3,6,34760
24,26,0,45,3,9,34780
24,19,10,38,0,9,34800
48,19,10,28,3,6,34820
39,38,19,21,0,6,34840
14,57,24,28,7,0,34860
34,26,5,17,3,6,34880
19,13,19,38,7,6,34900
24,45,10,35,3,6,34920
34,32,15,35,7,3,34940
39,32,0,35,3,22,34960
24,13,19,31,3,3,34980
19,19,0,24,10,9,35000
10,13,24,35,7,9,35020
48,19,19,31,7,6,35040
48,38,10,14,3,3,35060
5,26,10,52,0,6,35080
14,26,34,28,13,3,35100
10,32,19,17,7,6,35120
14,26,10,28,7,19,35140
29,45,5,17,17,9,35160
10,13,10,24,13,3,35180
14,38,10,14,3,9,35200
19,19,10,28,3,6,35220
14,19,10,14,10,6,35240
39,6,19,21,7,19,35260
34,0,5,17,7,9,35280
34,13,5,62,0,6,35300
10,19,19,35,3,13,35320
10,19,5,17,7,16,35340
19,19,5,24,7,3,35360
39,13,10,35,3,9,35380
19,13,5,10,0,3,35400
39,26,19,17,3,13,35420
10,13,19,28,3,6,35440
19,32,5,14,10,3,35460
39,19,10,35,3,6,35480
14,19,5,52,3,16,35500
19,26,5,21,17,6,35520
29,26,5,28,3,9,35540
29,19,5,17,3,3,35560
10,32,0,14,3,13,35580
10,32,5,7,0,3,35600
14,38,15,28,3,6,35620
24,6,0,24,3,13,35640
29,19,15,35,7,3,35660
10,19,0,48,7,0,35680
29,26,10,24,7,9,35700
14,26,5,28,7,3,35720
24,13,10,17,3,3,35740
19,6,5,21,3,9,35760
29,0,0,31,7,9,35780
29,0,5,7,7,3,35800
34,19,0,17,10,13,35820
19,19,0,21,7,13,35840
19,26,0,24,3,16,35860
19,19,10,24,0,3,35880
24,19,5,31,10,3,35900
58,19,19,38,10,0,35920
10,19,19,21,7,6,35940
19,19,5,24,3,6,35960
14,0,15,31,0,9,35980
29,26,24,17,3,9,36000
24,13,19,24,0,6,36020
14,26,10,24,7,6,36040
5,26,0,35,3,9,36060
29,13,29,21,3,0,36080
14,32,15,14,0,6,36100
24,13,15,17,3,6,36120
19,13,5,10,0,13,36140
29,26,5,17,3,3,36160
48,19,5,10,0,6,36180
19,0,10,10,0,0,36200
29,6,15,10,3,3,36220
14,19,10,21,3,9,36240
29,0,10,7,10,3,36260
19,13,0,55,0,3,36280
24,0,5,31,3,3,36300
10,26,15,7,3,6,36320
14,19,19,17,0,6,36340
24,13,0,10,7,6,36360
19,19,15,28,10,3,36380
5,26,15,3,0,0,36400
39,26,10,28,10,6,36420
19,13,15,21,7,6,36440
10,13,39,14,0,3,36460
5,6,5,17,10,3,36480
19,13,5,10,7,3,36500
5,6,0,17,10,0,36520
19,13,24,17,7,3,36540
24,13,10,21,0,3,36560
19,19,10,14,3,3,36580
10,0,5,24,7,0,36600
14,6,0,17,10,3,36620
5,19,5,3,0,6,36640
29,0,0,35,3,6,36660
5,0,15,10,3,3,36680
10,26,10,21,3,0,36700
5,13,5,17,10,0,36720
14,26,0,17,0,6,36740
29,19,10,10,3,0,36760
14,19,5,7,3,16,36780
19,6,10,24,0,0,36800
29,13,15,24,10,3,36820
5,19,10,21,3,6,36840
19,26,5,21,7,3,36860
14,26,10,21,3,6,36880
14,32,5,10,3,3,36900
5,6,0,28,3,6,36920
14,13,10,3,7,3,36940
0,13,15,24,3,3,36960
14,6,0,24,0,0,36980
14,32,0,35,10,3,37000
19,6,0,38,0,6,37020
14,6,10,17,3,0,37040
19,6,10,7,0,9,37060
10,13,5,14,7,9,37080
10,13,5,17,3,6,37100
5,0,10,24,7,0,37120
34,26,5,14,3,0,37140
14,0,19,7,3,3,37160
10,32,5,21,0,0,37180
0,6,0,17,3,9,37200
10,0,5,21,3,6,37220
5,0,15,14,3,6,37240
10,13,15,14,3,3,37260
14,6,0,14,3,0,37280
14,13,19,21,0,0,37300
14,6,0,10,7,3,37320
14,6,5,10,0,6,37340
19,19,5,21,7,6,37360
14,19,19,10,0,3,37380
14,0,0,10,0,0,37400
10,6,10,10,0,3,37420
5,6,10,14,17,6,37440
19,6,5,3,7,0,37460
34,13,10,10,3,0,37480
19,13,10,17,3,0,37500
10,26,5,10,3,0,37520
19,0,0,24,7,0,37540
24,13,0,17,0,6,37560
5,26,0,14,3,0,37580
14,38,5,17,7,3,37600
14,13,0,21,3,3,37620
5,0,29,3,3,3,37640
5,0,5,14,0,0,37660
10,6,5,14,0,0,37680
10,0,10,14,0,0,37700
10,13,0,3,7,0,37720
19,13,10,10,0,0,37740
19,19,0,14,0,3,37760
10,0,15,3,7,3,37780
10,26,0,7,0,6,37800
14,13,5,21,3,3,37820
10,13,5,10,3,0,37840
0,6,0,3,0,0,37860
10,6,5,21,0,0,37880
19,13,10,14,0,3,37900
34,26,5,14,0,3,37920
14,19,0,17,0,0,37940
10,26,10,14,3,3,37960
19,19,10,10,0,6,37980
19,13,0,3,0,6,38000
0,0,15,10,3,0,38020
0,0,0,24,0,3,38040
5,38,0,0,3,0,38060
10,0,0,7,0,3,38080
14,6,5,24,7,0,38100
0,6,19,10,0,0,38120
10,0,0,7,3,3,38140
19,19,5,17,0,0,38160
5,6,5,14,0,0,38180
14,6,5,17,3,0,38200
5,6,5,10,3,3,38220
14,32,5,10,0,9,38240
5,19,5,10,0,6,38260
5,13,0,10,0,6,38280
14,6,5,10,0,6,38300
5,6,5,10,0,3,38320
24,0,10,14,3,0,38340
0,19,0,10,0,3,38360
0,26,10,7,0,0,38380
0,0,5,10,7,3,38400
10,6,0,10,7,3,38420
10,6,0,3,0,0,38440
5,13,0,17,0,0,38460
19,38,0,7,0,0,38480
0,13,5,17,0,6,38500
19,0,15,14,3,3,38520
0,6,0,14,0,3,38540
5,0,5,7,7,6,38560
10,6,10,21,3,3,38580
5,13,0,3,7,0,38600
5,13,5,14,0,0,38620
19,6,5,7,0,3,38640
14,0,0,14,0,3,38660
19,13,5,7,0,0,38680
5,6,0,14,0,0,38700
19,13,5,17,0,0,38720
14,6,0,14,0,9,38740
10,13,5,10,0,3,38760
5,0,0,3,0,3,38780
5,13,5,10,0,3,38800
19,13,5,17,3,0,38820
10,19,0,7,3,0,38840
24,0,0,10,3,3,38860
10,26,0,7,7,6,38880
10,6,10,17,0,0,38900
14,0,0,14,0,3,38920
5,0,5,7,3,0,38940
19,13,15,7,3,0,38960
5,6,0,7,0,6,38980
0,0,0,7,0,0,39000
5,6,0,3,0,0,39020
0,13,5,3,3,3,39040
0,0,5,17,0,0,39060
10,13,0,3,3,0,39080
5,0,15,7,3,0,39100
10,6,0,0,0,0,39120
5,6,5,14,0,0,39140
5,6,0,10,0,0,39160
14,0,0,7,0,0,39180
5,0,0,3,0,3,39200
5,0,0,10,3,0,39220
0,0,5,0,0,3,39240
14,6,5,3,0,0,39260
0,13,10,0,0,3,39280
5,6,0,17,0,3,39300
0,13,0,3,0,0,39320
10,0,0,14,3,3,39340
5,6,0,10,0,0,39360
5,0,5,7,0,0,39380
5,19,0,3,0,0,39400
34,0,5,7,3,3,39420
5,0,10,14,0,0,39440
0,0,5,10,0,0,39460
5,6,0,14,3,3,39480
10,19,0,7,3,0,39500
5,26,5,3,3,3,39520
0,6,0,10,0,0,39540
5,6,5,3,0,0,39560
10,13,0,0,0,0,39580
10,13,0,10,3,9,39600
0,26,0,7,3,3,39620
0,13,10,7,0,6,39640
0,0,5,10,0,3,39660
5,19,5,0,0,0,39680
5,13,0,7,0,0,39700
5,0,0,10,3,0,39720
5,0,0,7,3,3,39740
5,0,5,0,0,6,39760
5,0,0,3,3,3,39780
5,13,0,3,3,0,39800
0,0,0,24,3,6,39820
0,6,0,3,3,3,39840
0,0,15,10,0,0,39860
10,6,0,0,0,0,39880
10,0,0,10,0,0,39900
0,0,0,3,0,0,39920
0,0,0,0,0,0,39940
0,0,0,0,0,0,39960
0,0,0,0,0,0,39980
0,0,0,0,0,0,40000